{"access_token": "ya29.a0AfH6SMDHbhuX2EoY61Rk7SljegoohB_94FxBTAm2unng_-_JCLbUSsEVJs7B4u5koYafhNSZeQJWqpfw6VQcJ-CvhAD4ffHM6QsPGYsGNQPBpeW47_YmkmzWAK3iXt2GaF3I198z9Kr9IiiIcVGjlekS94amI_4qWXrM5xGBvj_Y", "client_id": "18426116615-jooejko5fnbj8ojh8e12cjtbu4nr165f.apps.googleusercontent.com", "client_secret": "S5HcxLQSDxTsr8LoaLgdtLzC", "refresh_token": "1//03O_UGDV_VPiRCgYIARAAGAMSNwF-L9IrYEeE2C33lSCfzARdME1ZPw3Ysxp6k0ndzSnIgN1wFpoz8MtrzJnFFREizTHdXB1ALmY", "token_expiry": "2021-01-24T12:15:10Z", "token_uri": "https://oauth2.googleapis.com/token", "user_agent": "Drive API Python Quickstart", "revoke_uri": "https://oauth2.googleapis.com/revoke", "id_token": null, "id_token_jwt": null, "token_response": {"access_token": "ya29.a0AfH6SMDHbhuX2EoY61Rk7SljegoohB_94FxBTAm2unng_-_JCLbUSsEVJs7B4u5koYafhNSZeQJWqpfw6VQcJ-CvhAD4ffHM6QsPGYsGNQPBpeW47_YmkmzWAK3iXt2GaF3I198z9Kr9IiiIcVGjlekS94amI_4qWXrM5xGBvj_Y", "expires_in": 3599, "scope": "https://www.googleapis.com/auth/drive", "token_type": "Bearer"}, "scopes": ["https://www.googleapis.com/auth/drive"], "token_info_uri": "https://oauth2.googleapis.com/tokeninfo", "invalid": false, "_class": "OAuth2Credentials", "_module": "oauth2client.client"}